use Airport_Management_System;

--Insert values in city table
INSERT INTO city VALUES ('BO', 'Boston', 'MA', 'USA');
INSERT INTO city VALUES ('AT', 'Atlanta', 'GA', 'USA');
INSERT INTO city VALUES ('LA', 'Los Angeles', 'CA', 'USA');
INSERT INTO city VALUES ('CH', 'Chicago', 'IL', 'USA');
INSERT INTO city VALUES ('DL', 'Dallas', 'TX', 'USA');
INSERT INTO city VALUES ('DN', 'Denver', 'CO', 'USA');
INSERT INTO city VALUES ('NYC', 'New York City', 'NY', 'USA');
INSERT INTO city VALUES ('SF', 'San Francisco', 'CA', 'USA');
INSERT INTO city VALUES ('LV', 'Las Vegas', 'NV', 'USA');
INSERT INTO city VALUES ('OR', 'Orlando', 'FL', 'USA');
INSERT INTO city VALUES ('CLT', 'Charlotte', 'NC', 'USA');
INSERT INTO city VALUES ('PH', 'Phoenix', 'AZ', 'USA');
INSERT INTO city VALUES ('HO', 'Houston', 'TX', 'USA');
INSERT INTO city VALUES ('MI', 'Miami', 'FL', 'USA');
INSERT INTO city VALUES ('MN', 'Minneapolis', 'MN', 'USA');
INSERT INTO city VALUES ('DT', 'Detroit', 'MI', 'USA');
INSERT INTO city VALUES ('PL', 'Philadelphia', 'PA', 'USA');
INSERT INTO city VALUES ('BLT', 'Baltimore', 'MD', 'USA');
INSERT INTO city VALUES ('SLC', 'Salt Lake City', 'UT', 'USA');
INSERT INTO city VALUES ('SD', 'San Diego', 'CA', 'USA');

--Insert values in Airport table
INSERT INTO airport VALUES ('Boston Logan International Airport', 'BO');
INSERT INTO airport VALUES ('Hartsfield–Jackson Atlanta International Airport', 'AT');
INSERT INTO airport VALUES ('Los Angeles International Airport', 'LA');
INSERT INTO airport VALUES ('OHare International Airport', 'CH');
INSERT INTO airport VALUES ('Dallas/Fort Worth International Airport', 'DL');
INSERT INTO airport VALUES ('Denver International Airport', 'DN'); 
INSERT INTO airport VALUES ('John F. Kennedy International Airport', 'NYC'); 
INSERT INTO airport VALUES ('San Francisco International Airport', 'SF'); 
INSERT INTO airport VALUES ('McCarran International Airport', 'LV'); 
INSERT INTO airport VALUES ('Orlando International Airport', 'OR');
INSERT INTO airport VALUES ('Charlotte Douglas International Airport', 'CLT'); 
INSERT INTO airport VALUES ('Phoenix Sky Harbor International Airport', 'PH'); 
INSERT INTO airport VALUES ('George Bush Intercontinental Airport', 'HO'); 
INSERT INTO airport VALUES ('Miami International Airport', 'MI'); 
INSERT INTO airport VALUES ('Minneapolis–Saint Paul International Airport', 'MN'); 
INSERT INTO airport VALUES ('Detroit Metropolitan Airport', 'DT'); 
INSERT INTO airport VALUES ('Philadelphia International Airport', 'PL'); 
INSERT INTO airport VALUES ('Baltimore–Washington International Airport', 'BLT'); 
INSERT INTO airport VALUES ('Salt Lake City International Airport', 'SLC'); 
INSERT INTO airport VALUES ('San Diego International Airport', 'SD'); 

--Insert values in Airline table
INSERT INTO airline VALUES ('100', 'ALASKA AIRLINES', '021');
INSERT INTO airline VALUES ('101', 'ALLEGIANT AIR', '022');
INSERT INTO airline VALUES ('102', 'AMERICAN AIRLINES', '023');
INSERT INTO airline VALUES ('103', 'DELTA AIRLINES', '024');
INSERT INTO airline VALUES ('104', 'FRONTIER AIRLINES', '025');
INSERT INTO airline VALUES ('105', 'GOJET AIRLINES', '026');
INSERT INTO airline VALUES ('106', 'HAWAIIAN AIRLINES', '027');
INSERT INTO airline VALUES ('107', 'JETBLUE AIRWAYS', '028');
INSERT INTO airline VALUES ('108', 'SOUTHWEST AIRLINES', '029');
INSERT INTO airline VALUES ('109', 'SPIRIT AIRLINES', '030');
INSERT INTO airline VALUES ('110', 'UNITED AIRLINES', '031');

--Insert values in Airline_Airport
INSERT INTO airline_airport VALUES ('100',12);
INSERT INTO airline_airport VALUES ('100',3);
INSERT INTO airline_airport VALUES ('100',8);
INSERT INTO airline_airport VALUES ('100',20);
INSERT INTO airline_airport VALUES ('100',6);
INSERT INTO airline_airport VALUES ('100',10);
INSERT INTO airline_airport VALUES ('100',4);
INSERT INTO airline_airport VALUES ('100',18);
INSERT INTO airline_airport VALUES ('100',1);
INSERT INTO airline_airport VALUES ('100',16);
INSERT INTO airline_airport VALUES ('100',15);
INSERT INTO airline_airport VALUES ('100',9);
INSERT INTO airline_airport VALUES ('100',7);
INSERT INTO airline_airport VALUES ('100',17);
INSERT INTO airline_airport VALUES ('100',13);
INSERT INTO airline_airport VALUES ('100',5);
INSERT INTO airline_airport VALUES ('100',19);

INSERT INTO airline_airport VALUES ('101',3);
INSERT INTO airline_airport VALUES ('101',20);
INSERT INTO airline_airport VALUES ('101',6);
INSERT INTO airline_airport VALUES ('101',4);
INSERT INTO airline_airport VALUES ('101',18);
INSERT INTO airline_airport VALUES ('101',1);
INSERT INTO airline_airport VALUES ('101',9);

INSERT INTO airline_airport VALUES ('102',2);
INSERT INTO airline_airport VALUES ('102',12);
INSERT INTO airline_airport VALUES ('102',3);
INSERT INTO airline_airport VALUES ('102',8);
INSERT INTO airline_airport VALUES ('102',20);
INSERT INTO airline_airport VALUES ('102',6);
INSERT INTO airline_airport VALUES ('102',10);
INSERT INTO airline_airport VALUES ('102',4);
INSERT INTO airline_airport VALUES ('102',18);
INSERT INTO airline_airport VALUES ('102',1);
INSERT INTO airline_airport VALUES ('102',16);
INSERT INTO airline_airport VALUES ('102',15);
INSERT INTO airline_airport VALUES ('102',9);
INSERT INTO airline_airport VALUES ('102',7);
INSERT INTO airline_airport VALUES ('102',17);
INSERT INTO airline_airport VALUES ('102',13);
INSERT INTO airline_airport VALUES ('102',5);
INSERT INTO airline_airport VALUES ('102',19);

INSERT INTO airline_airport VALUES ('103',2);
INSERT INTO airline_airport VALUES ('103',3);
INSERT INTO airline_airport VALUES ('103',8);
INSERT INTO airline_airport VALUES ('103',10);
INSERT INTO airline_airport VALUES ('103',4);
INSERT INTO airline_airport VALUES ('103',1);
INSERT INTO airline_airport VALUES ('103',16);
INSERT INTO airline_airport VALUES ('103',15);
INSERT INTO airline_airport VALUES ('103',9);
INSERT INTO airline_airport VALUES ('103',7);
INSERT INTO airline_airport VALUES ('103',17);
INSERT INTO airline_airport VALUES ('103',13);
INSERT INTO airline_airport VALUES ('103',19);

INSERT INTO airline_airport VALUES ('104',2);
INSERT INTO airline_airport VALUES ('104',12);
INSERT INTO airline_airport VALUES ('104',3);
INSERT INTO airline_airport VALUES ('104',8);
INSERT INTO airline_airport VALUES ('104',20);
INSERT INTO airline_airport VALUES ('104',6);
INSERT INTO airline_airport VALUES ('104',10);
INSERT INTO airline_airport VALUES ('104',4);
INSERT INTO airline_airport VALUES ('104',18);
INSERT INTO airline_airport VALUES ('104',1);
INSERT INTO airline_airport VALUES ('104',16);
INSERT INTO airline_airport VALUES ('104',14);
INSERT INTO airline_airport VALUES ('104',15);
INSERT INTO airline_airport VALUES ('104',9);
INSERT INTO airline_airport VALUES ('104',17);
INSERT INTO airline_airport VALUES ('104',13);
INSERT INTO airline_airport VALUES ('104',5);
INSERT INTO airline_airport VALUES ('104',19);
INSERT INTO airline_airport VALUES ('104',11);

INSERT INTO airline_airport VALUES ('105',2);
INSERT INTO airline_airport VALUES ('105',6);
INSERT INTO airline_airport VALUES ('105',4);
INSERT INTO airline_airport VALUES ('105',16);
INSERT INTO airline_airport VALUES ('105',15);
INSERT INTO airline_airport VALUES ('105',5);
INSERT INTO airline_airport VALUES ('105',19);

INSERT INTO airline_airport VALUES ('106',12);
INSERT INTO airline_airport VALUES ('106',3);
INSERT INTO airline_airport VALUES ('106',8);
INSERT INTO airline_airport VALUES ('106',20);
INSERT INTO airline_airport VALUES ('106',1);
INSERT INTO airline_airport VALUES ('106',7);

INSERT INTO airline_airport VALUES ('107',2);
INSERT INTO airline_airport VALUES ('107',12);
INSERT INTO airline_airport VALUES ('107',3);
INSERT INTO airline_airport VALUES ('107',8);
INSERT INTO airline_airport VALUES ('107',20);
INSERT INTO airline_airport VALUES ('107',6);
INSERT INTO airline_airport VALUES ('107',10);
INSERT INTO airline_airport VALUES ('107',4);
INSERT INTO airline_airport VALUES ('107',18);
INSERT INTO airline_airport VALUES ('107',1);
INSERT INTO airline_airport VALUES ('107',16);
INSERT INTO airline_airport VALUES ('107',14);
INSERT INTO airline_airport VALUES ('107',15);
INSERT INTO airline_airport VALUES ('107',9);
INSERT INTO airline_airport VALUES ('107',7);
INSERT INTO airline_airport VALUES ('107',17);
INSERT INTO airline_airport VALUES ('107',13);
INSERT INTO airline_airport VALUES ('107',5);
INSERT INTO airline_airport VALUES ('107',19);
INSERT INTO airline_airport VALUES ('107',11);

INSERT INTO airline_airport VALUES ('108',2);
INSERT INTO airline_airport VALUES ('108',12);
INSERT INTO airline_airport VALUES ('108',3);
INSERT INTO airline_airport VALUES ('108',8);
INSERT INTO airline_airport VALUES ('108',20);
INSERT INTO airline_airport VALUES ('108',6);
INSERT INTO airline_airport VALUES ('108',10);
INSERT INTO airline_airport VALUES ('108',4);
INSERT INTO airline_airport VALUES ('108',18);
INSERT INTO airline_airport VALUES ('108',1);
INSERT INTO airline_airport VALUES ('108',16);
INSERT INTO airline_airport VALUES ('108',15);
INSERT INTO airline_airport VALUES ('108',9);
INSERT INTO airline_airport VALUES ('108',7);
INSERT INTO airline_airport VALUES ('108',17);
INSERT INTO airline_airport VALUES ('108',13);
INSERT INTO airline_airport VALUES ('108',5);
INSERT INTO airline_airport VALUES ('108',19);
INSERT INTO airline_airport VALUES ('108',11);

INSERT INTO airline_airport VALUES ('109',2);
INSERT INTO airline_airport VALUES ('109',12);
INSERT INTO airline_airport VALUES ('109',3);
INSERT INTO airline_airport VALUES ('109',20);
INSERT INTO airline_airport VALUES ('109',6);
INSERT INTO airline_airport VALUES ('109',10);
INSERT INTO airline_airport VALUES ('109',4);
INSERT INTO airline_airport VALUES ('109',18);
INSERT INTO airline_airport VALUES ('109',1);
INSERT INTO airline_airport VALUES ('109',16);
INSERT INTO airline_airport VALUES ('109',15);
INSERT INTO airline_airport VALUES ('109',9);
INSERT INTO airline_airport VALUES ('109',17);
INSERT INTO airline_airport VALUES ('109',13);
INSERT INTO airline_airport VALUES ('109',5);
INSERT INTO airline_airport VALUES ('109',11);

INSERT INTO airline_airport VALUES ('110',2);
INSERT INTO airline_airport VALUES ('110',12);
INSERT INTO airline_airport VALUES ('110',3);
INSERT INTO airline_airport VALUES ('110',8);
INSERT INTO airline_airport VALUES ('110',20);
INSERT INTO airline_airport VALUES ('110',6);
INSERT INTO airline_airport VALUES ('110',10);
INSERT INTO airline_airport VALUES ('110',4);
INSERT INTO airline_airport VALUES ('110',18);
INSERT INTO airline_airport VALUES ('110',1);
INSERT INTO airline_airport VALUES ('110',16);
INSERT INTO airline_airport VALUES ('110',14);
INSERT INTO airline_airport VALUES ('110',15);
INSERT INTO airline_airport VALUES ('110',9);
INSERT INTO airline_airport VALUES ('110',7);
INSERT INTO airline_airport VALUES ('110',17);
INSERT INTO airline_airport VALUES ('110',13);
INSERT INTO airline_airport VALUES ('110',5);
INSERT INTO airline_airport VALUES ('110',19);
INSERT INTO airline_airport VALUES ('110',11);

--Insert values in Flight table
INSERT INTO flight VALUES ('10000', '100', 'Domestic',  'New York', 'San Francisco', '10:00', '16:00');
INSERT INTO flight VALUES ('10001', '100', 'Domestic',  'New York', 'Dallas', '6:00', '10:00');
INSERT INTO flight VALUES ('10002', '100', 'Domestic',  'Dallas', 'New York', '11:00', '14:30');
INSERT INTO flight VALUES ('10003', '100', 'Domestic',  'New York', 'Boston', '18:00', '19:45');
INSERT INTO flight VALUES ('10004', '100', 'Domestic',  'Boston', 'San Francisco', '7:00', '13:00');
INSERT INTO flight VALUES ('10005', '100', 'Domestic',  'Boston', 'Denver', '00:00', '16:30');
INSERT INTO flight VALUES ('10006', '100', 'Domestic',  'Boston', 'Salt Lake City', '10:00', '16:30');
INSERT INTO flight VALUES ('10007', '100', 'Domestic',  'Philadelphia', 'New York', '10:30', '12:30');
INSERT INTO flight VALUES ('10008', '100', 'Domestic',  'New York', 'Philadelphia', '10:00', '11:30');
INSERT INTO flight VALUES ('10009', '100', 'Domestic',  'Orlando', 'Las Vegas', '10:00', '15:00');

INSERT INTO flight VALUES ('10010', '101', 'Domestic',  'Boston', 'Los Angeles', '00:00', '12:30');
INSERT INTO flight VALUES ('10011', '101', 'Domestic',  'Boston', 'San Diego', '06:05', '12:05');
INSERT INTO flight VALUES ('10012', '101', 'Domestic',  'San Diego', 'Las Vegas', '04:00', '17:15');
INSERT INTO flight VALUES ('10013', '101', 'Domestic',  'Las Vegas', 'Boston', '09:00', '14:08');
INSERT INTO flight VALUES ('10014', '101', 'Domestic',  'Boston', 'Denver', '01:00', '17:30');

INSERT INTO flight VALUES ('10015', '102', 'Domestic',  'Atlanta', 'Dallas', '22:00', '00:30');
INSERT INTO flight VALUES ('10016', '102', 'Domestic',  'Dallas', 'San Francisco', '05:00', '09:00');
INSERT INTO flight VALUES ('10017', '102', 'Domestic',  'San Francisco', 'Chicago', '07:00', '11:00');
INSERT INTO flight VALUES ('10018', '102', 'Domestic',  'Orlando', 'Salt Lake City', '09:00', '14:00');
INSERT INTO flight VALUES ('10019', '102', 'Domestic',  'Salt Lake City', 'Houston', '11:00', '18:00');
INSERT INTO flight VALUES ('10020', '102', 'Domestic',  'Boston', 'Detroit', '08:00', '12:30');
INSERT INTO flight VALUES ('10021', '102', 'Domestic',  'Houston', 'Minneapolis', '07:00', '10:30');
INSERT INTO flight VALUES ('10022', '102', 'Domestic',  'Los Angeles', 'Boston', '18:00', '00:30');
INSERT INTO flight VALUES ('10023', '102', 'Domestic',  'Chicago', 'New York', '23:00', '00:54');
INSERT INTO flight VALUES ('10024', '102', 'Domestic',  'New York', 'San Francisco', '22:35', '04:05');
INSERT INTO flight VALUES ('10025', '102', 'Domestic',  'Detroit', 'New York', '10:00', '11:40');
INSERT INTO flight VALUES ('10026', '102', 'Domestic',  'Detroit', 'San Francisco', '09:30', '13:15');
INSERT INTO flight VALUES ('10027', '102', 'Domestic',  'Salt Lake City', 'Boston', '15:00', '22:20');
INSERT INTO flight VALUES ('10028', '102', 'Domestic',  'New York', 'Philadelphia', '08:00', '09:25');
INSERT INTO flight VALUES ('10029', '102', 'Domestic',  'Philadelphia', 'Boston', '10:00', '12:30');

INSERT INTO flight VALUES ('10030', '103', 'Domestic',  'New York', 'San Francisco', '11:00', '17:00');
INSERT INTO flight VALUES ('10031', '103', 'Domestic',  'Chicago', 'Los Angeles', '07:00', '11:20');
INSERT INTO flight VALUES ('10032', '103', 'Domestic',  'Los Angeles', 'Salt Lake City', '09:00', '10:38');
INSERT INTO flight VALUES ('10033', '103', 'Domestic',  'Minneapolis', 'Boston', '00:00', '03:30');
INSERT INTO flight VALUES ('10034', '103', 'Domestic',  'Detroit', 'Boston', '04:00', '19:20');
INSERT INTO flight VALUES ('10035', '103', 'Domestic',  'Boston', 'Minneapolis', '13:30', '17:30');
INSERT INTO flight VALUES ('10036', '103', 'Domestic',  'Boston', 'Detroit', '17:00', '20:30');
INSERT INTO flight VALUES ('10037', '103', 'Domestic',  'Philadelphia', 'Boston', '10:00', '12:20');
INSERT INTO flight VALUES ('10038', '103', 'Domestic',  'Chicago', 'San Francisco', '10:00', '12:30');
INSERT INTO flight VALUES ('10039', '103', 'Domestic',  'New York', 'Orlando', '02:30', '05:30');

INSERT INTO flight VALUES ('10040', '104', 'Domestic',  'Atlanta', 'Houston', '04:00', '06:00');
INSERT INTO flight VALUES ('10041', '104', 'Domestic',  'Phoenix', 'Charlotte', '06:00', '09:55');
INSERT INTO flight VALUES ('10042', '104', 'Domestic',  'Los Angeles', 'Las Vegas', '08:00', '09:11');
INSERT INTO flight VALUES ('10043', '104', 'Domestic',  'San Francisco', 'Boston', '10:00', '16:00');
INSERT INTO flight VALUES ('10044', '104', 'Domestic',  'San Diego', 'Dallas', '12:00', '15:00');
INSERT INTO flight VALUES ('10045', '104', 'Domestic',  'Denver', 'New York', '14:00', '15:20');
INSERT INTO flight VALUES ('10046', '104', 'Domestic',  'Orlando', 'Miami', '16:00', '17:00');
INSERT INTO flight VALUES ('10047', '104', 'Domestic',  'Chicago', 'Philadelphia', '18:00', '20:10');
INSERT INTO flight VALUES ('10048', '104', 'Domestic',  'Baltimore', 'Dallas', '20:00', '23:15');
INSERT INTO flight VALUES ('10049', '104', 'Domestic',  'Boston', 'Charlotte', '22:00', '00:32');
INSERT INTO flight VALUES ('10050', '104', 'Domestic',  'Detroit', 'Denver', '00:00', '03:00');
INSERT INTO flight VALUES ('10051', '104', 'Domestic',  'Miami', 'Orlando', '02:00', '03:00');
INSERT INTO flight VALUES ('10052', '104', 'Domestic',  'Minneapolis', 'Charlotte', '05:00', '07:45');
INSERT INTO flight VALUES ('10053', '104', 'Domestic',  'Houston', 'Phoenix', '07:00', '09:50');
INSERT INTO flight VALUES ('10054', '104', 'Domestic',  'Charlotte', 'Chicago', '09:00', '11:00');

INSERT INTO flight VALUES ('10055', '105', 'Domestic',  'Atlanta', 'Denver', '08:00', '09:52');
INSERT INTO flight VALUES ('10056', '105', 'Domestic',  'Chicago', 'Dallas', '11:00', '13:05');
INSERT INTO flight VALUES ('10057', '105', 'Domestic',  'Dallas', 'Chicago', '13:00', '15:15');
INSERT INTO flight VALUES ('10058', '105', 'Domestic',  'Minneapolis', 'Chicago', '16:10', '17:33');
INSERT INTO flight VALUES ('10059', '105', 'Domestic',  'Denver', 'Phoenix', '03:00', '05:00');

INSERT INTO flight VALUES ('10060', '106', 'Domestic',  'Phoenix', 'New York', '04:00', '08:22');
INSERT INTO flight VALUES ('10061', '106', 'Domestic',  'Los Angeles', 'Boston', '05:00', '23:08');
INSERT INTO flight VALUES ('10062', '106', 'Domestic',  'San Francisco', 'San Diego', '11:00', '12:30');
INSERT INTO flight VALUES ('10063', '106', 'Domestic',  'San Diego', 'San Francisco', '02:00', '03:20');
INSERT INTO flight VALUES ('10064', '106', 'Domestic',  'Boston', 'Los Angeles', '12:00', '17:00');
INSERT INTO flight VALUES ('10065', '106', 'Domestic',  'New York', 'Phoenix', '17:00', '21:00');

INSERT INTO flight VALUES ('10066', '107', 'Domestic',  'Atlanta', 'Boston', '01:00', '03:38');
INSERT INTO flight VALUES ('10067', '107', 'Domestic',  'Boston', 'San Francisco', '02:00', '08:00');
INSERT INTO flight VALUES ('10068', '107', 'Domestic',  'New York', 'Phoenix', '04:30', '09:49');
INSERT INTO flight VALUES ('10069', '107', 'Domestic',  'Philadelphia', 'San Francisco', '13:00', '19:40');
INSERT INTO flight VALUES ('10070', '107', 'Domestic',  'Salt Lake City', 'Charlotte', '15:00', '19:36');
INSERT INTO flight VALUES ('10071', '107', 'Domestic',  'Miami', 'Las Vegas', '19:00', '00:19');
INSERT INTO flight VALUES ('10072', '107', 'Domestic',  'Orlando', 'San Diego', '20:00', '01:29');
INSERT INTO flight VALUES ('10073', '107', 'Domestic',  'Houston', 'Salt Lake City', '00:00', '03:10');
INSERT INTO flight VALUES ('10074', '107', 'Domestic',  'Dallas', 'Los Angeles', '14:00', '17:14');
INSERT INTO flight VALUES ('10075', '107', 'Domestic',  'Chicago', 'Minneapolis', '05:30', '06:53');
INSERT INTO flight VALUES ('10076', '107', 'Domestic',  'Los Angeles', 'Houston', '11:30', '14:36');
INSERT INTO flight VALUES ('10077', '107', 'Domestic',  'Denver', 'Detroit', '12:35', '03:13');
INSERT INTO flight VALUES ('10078', '107', 'Domestic',  'San Diego', 'Boston', '21:30', '03:00');
INSERT INTO flight VALUES ('10079', '107', 'Domestic',  'Charlotte', 'New York', '08:30', '10:26');

INSERT INTO flight VALUES ('10080', '108', 'Domestic',  'Atlanta', 'Charlotte', '04:00', '05:15');
INSERT INTO flight VALUES ('10081', '108', 'Domestic',  'Phoenix', 'Salt Lake City', '05:00', '06:39');
INSERT INTO flight VALUES ('10082', '108', 'Domestic',  'Los Angeles', 'Dallas', '06:00', '09:00');
INSERT INTO flight VALUES ('10083', '108', 'Domestic',  'San Francisco', 'San Diego', '07:00', '08:24');
INSERT INTO flight VALUES ('10084', '108', 'Domestic',  'San Diego', 'Houston', '10:00', '13:20');
INSERT INTO flight VALUES ('10085', '108', 'Domestic',  'Denver', 'Philadelphia', '08:00', '11:00');
INSERT INTO flight VALUES ('10086', '108', 'Domestic',  'Orlando', 'New York', '09:00', '12:45');
INSERT INTO flight VALUES ('10087', '108', 'Domestic',  'Chicago', 'Las Vegas', '02:00', '03:30');
INSERT INTO flight VALUES ('10088', '108', 'Domestic',  'Baltimore', 'Minneapolis', '16:00', '18:00');
INSERT INTO flight VALUES ('10089', '108', 'Domestic',  'Boston', 'Detroit', '23:00', '03:00');
INSERT INTO flight VALUES ('10090', '108', 'Domestic',  'Detroit', 'San Francisco', '18:00', '21:30');

INSERT INTO flight VALUES ('10091', '109', 'Domestic',  'Atlanta', 'Denver', '10:30', '14:02');
INSERT INTO flight VALUES ('10092', '109', 'Domestic',  'Phoenix', 'Orlando', '11:30', '15:30');
INSERT INTO flight VALUES ('10093', '109', 'Domestic',  'Charlotte', 'Chicago', '00:00', '01:25');
INSERT INTO flight VALUES ('10094', '109', 'Domestic',  'Dallas', 'Baltimore', '02:00', '04:40');
INSERT INTO flight VALUES ('10095', '109', 'Domestic',  'Los Angeles', 'Boston', '22:00', '03:08');
INSERT INTO flight VALUES ('10096', '109', 'Domestic',  'San Diego', 'New York', '15:00', '19:30');
INSERT INTO flight VALUES ('10097', '109', 'Domestic',  'Houston', 'Dallas', '17:00', '18:00');
INSERT INTO flight VALUES ('10098', '109', 'Domestic',  'Philadelphia', 'Chicago', '17:30', '18:55');
INSERT INTO flight VALUES ('10099', '109', 'Domestic',  'New York', 'Las Vegas', '10:00', '12:30');

INSERT INTO flight VALUES ('10100', '110', 'Domestic',  'New York', 'San Francisco', '09:00', '14:00');
INSERT INTO flight VALUES ('10101', '110', 'Domestic',  'New York', 'Phoenix', '09:30', '13:30');
INSERT INTO flight VALUES ('10103', '110', 'Domestic',  'New York', 'Dallas', '10:00', '14:00');
INSERT INTO flight VALUES ('10104', '110', 'Domestic',  'New York', 'Houston', '10:35', '14:03');
INSERT INTO flight VALUES ('10105', '110', 'Domestic',  'Boston', 'New York', '12:00', '12:45');
INSERT INTO flight VALUES ('10106', '110', 'Domestic',  'Dallas', 'New York', '18:00', '21:45');
INSERT INTO flight VALUES ('10107', '110', 'Domestic',  'Phoenix', 'New York', '19:30', '23:30');
INSERT INTO flight VALUES ('10108', '110', 'Domestic',  'Houston', 'Boston', '21:30', '01:30');


--Insert values in Passenger table
INSERT INTO passenger VALUES (1, 'A76577779', 'John', 'Frank', 'Kennedy', '29 QueensBerry Street', 'Apt 7', 'Boston', 'MA', 'USA', 02215, '8575755757', 21, 'M');
INSERT INTO passenger VALUES (2, 'V87767888', 'Cole', '', 'Brown', '47 West 13th Street', 'Apt 17', 'New York', 'NY', 'USA', 09876, '9876678989', 22, 'M');
INSERT INTO passenger VALUES (3, 'N76679909', 'Kate', '', 'White', '235 Peachtree Street NE', 'Apt 36', 'Atlanta', 'GA', 'USA', 04531, '8678888754', 23, 'F');
INSERT INTO passenger VALUES (4, 'N54434456', 'Justin', '', 'Beiber', '1740 West Adam Street', 'Apt 12', 'Phoenix', 'AZ', 'USA', 01123, '8766787768', 24, 'M');
INSERT INTO passenger VALUES (5, 'A23433433', 'Jessica', 'Christopher', 'Fischer', '66 Ceres Street', 'Apt 36', 'San Francisco', 'CA', 'USA', 09112, '4532212348', 24, 'F');
INSERT INTO passenger VALUES (6, 'V76667666', 'Alfred', '', 'Antonio', '2736 Worden Street', 'Apt 56', 'San Diego', 'CA', 'USA', 07750, '8579088980', 50, 'M');
INSERT INTO passenger VALUES (7, 'N76555655', 'Brian', '', 'Geller', '1419 Westwood Blvd', 'Los Angeles', 'Apt 78', 'CA', 'USA', 01824, '8574325443', 67, 'M');
INSERT INTO passenger VALUES (8, 'A34223466', 'Derek', '', 'Brown', '7824 Pink Ginger Street', 'Apt 15', 'Las Vegas', 'NV', 'USA', 02224, '4534223233', 34, 'M');
INSERT INTO passenger VALUES (9, 'V08876777', 'Elizabeth', '', 'Miller', '3275 NW 24th Street Rd', 'Apt 6', 'Miami', 'FL', 'USA', 05564, '4678567334', 40, 'F');
INSERT INTO passenger VALUES (10, 'J86655565', 'Laura', '', 'Day', '223 E. Concord Street', 'Apt 12', 'Orlando', 'FL', 'USA', 21223, '8569086540', 45, 'F');
INSERT INTO passenger VALUES (11, 'J34224314', 'Franklin', '', 'Bishop', '136 County Rd', 'Apt 67', 'Houston' , 'TX', 'USA', 09445, '9005678765', 56, 'M');
INSERT INTO passenger VALUES (12, 'N76556780', 'Maria', '', 'Schmidt', '9236 Church Rd' , 'Apt 20', 'Dallas', 'TX', 'USA', 02215, '9088886767', 32, 'F');
INSERT INTO passenger VALUES (13, 'N90776543', 'Paul', '', 'Meyer', '433 West 102nd Street', 'Apt 1', 'Chicago', 'IL', 'USA', 02229, '9878883345', 29, 'M');
INSERT INTO passenger VALUES (14, 'A07765456', 'Nora', '', 'Smith', '230 Wildwood Way', 'Apt 5', 'Charlotte', 'NC', 'USA', 03411, '8575265430', 76, 'F');
INSERT INTO passenger VALUES (15, 'A05433678', 'Rachel', '', 'Green', '1760 Sweetwater Rd', 'Apt 34', 'Philadelphia', 'PA', 'USA', 03390, '4526759088', 35, 'F');

--Insert into Employee
INSERT INTO employee VALUES ('678898765', 'Nick', 'Sean', 'Miller', '120 Boylston Street', 'Apt 7', 'Boston', 'MA', 'USA', 02215, '8579985674', 28, 'M', 'Administration', 75000, 1);
INSERT INTO employee VALUES ('678898790', 'Robbie', 'Frank', 'McFarren', '112 Jersey Street', 'Apt 40', 'Pheonix', 'AZ', 'USA', 07654, '8570005674', 32, 'M','Engineer', 90000, 12);
INSERT INTO employee VALUES ('678788765', 'Megan', 'Denise', 'Fox', '54 Park Drive', 'Apt 12', 'Chicago', 'IL', 'USA', 015678, '8575678674', 22, 'F','Traffic Monitor', 25000, 4);
INSERT INTO employee VALUES ('878898766', 'Reagan', 'Sam', 'Sweeney', '45 Jamaica Plain', '#21', 'Philadelphia', 'PA', 'USA', 23456, '6598800456', 35, 'F','Airport Authority', 100000, 17);
INSERT INTO employee VALUES ('698898765', 'Monica', 'Emily', 'Geller', '90 Huntington Avenue', 'Apt 1', 'San Francisco', 'CA', 'USA', 18988, '4562343290', 40, 'F','Administration', 75000, 8);
INSERT INTO employee VALUES ('978898760', 'Winston', 'Daniel', 'Bishop', '126 Mass Ave', 'Apt 6', 'San Deigo', 'CA', 'USA', 09987, '8577896540', 21, 'M','Engineer', 90000, 20);
INSERT INTO employee VALUES ('898898765', 'Cecelia', 'Hannah', 'Simone', '230 Smith Street', 'Apt 10', 'Los Angeles', 'CA', 'USA', 02223, '8575656908', 38, 'F','Traffic Monitor', 25000, 3);
INSERT INTO employee VALUES ('458898789', 'Bob', 'Marley', 'Day', '200 Columbus Avenue', 'Apt 12', 'Denver', 'CO', 'USA', 98778, '2056784500', 40, 'M','Airport Authority', 100000, 6);
INSERT INTO employee VALUES ('998898745', 'Dave', '', 'Reiner', '54 Ring Street', '', 'Detroit', 'MI', 'USA', 90012, '2510089897', 42, 'M','Administration', 75000, 16);
INSERT INTO employee VALUES ('878898723', 'Ally', 'Marie', 'Nelson', '12 Pearl Road', 'Apt 9', 'Dallas', 'TX', 'USA', 01123, '8589200221', 30, 'F','Engineer', 90000, 5);
INSERT INTO employee VALUES ('578898789', 'Russel', '', 'Park', '1123 Haymarket Street', '23', 'Houston', 'TX', 'USA', 78665, '4804236780', 25, 'M','Traffic Monitor', 25000, 13);
INSERT INTO employee VALUES ('878788746', 'Olivia', 'Kate', 'Jayden', '900 Summer Street', '#345', 'Atlanta', 'GA', 'USA', 09923, '8570008674', 22, 'F','Airport Authority', 100000, 2);
INSERT INTO employee VALUES ('978898423', 'Jacob', 'William', 'Mason', '123 Boston Street', 'Apt 15', 'New York', 'NY', 'USA', 08769, '7896664532', 35, 'M','Administration', 75000, 7);
INSERT INTO employee VALUES ('798898098', 'Joshua', 'Xavier', 'Liam', '789 Poker Street', '#125', 'Las Vegas' , 'NV', 'USA', 56446, '5554568900', 40, 'M','Engineer', 90000, 9);
INSERT INTO employee VALUES ('978898321', 'Samantha', 'Elizabeth', 'White', '165 Blvd Street', '#80', 'Miami', 'FL', 'USA', 90056, '9513455432', 21, 'F','Traffic Monitor', 25000, 14);
INSERT INTO employee VALUES ('898898756', 'Eli', '', 'Brown', '110 Park Street','', 'Orlando', 'FL', 'USA', 83214, '9760043120', 38, 'M','Airport Authority', 100000, 10);
INSERT INTO employee VALUES ('858898408', 'Dwayne', 'Douglas', 'Johnson', '56 Raleigh Street', '', 'Charlotte', 'NC', 'USA', 12345, '8987757899', 40, 'M','Administration', 75000, 11);
INSERT INTO employee VALUES ('998898590', 'Katalina', 'Murial', 'Lee', '300 Washington Street', '#56', 'Baltimore', 'MD', 'USA', 02216, '4125656722', 42, 'F','Engineer', 90000, 18);
INSERT INTO employee VALUES ('878668723', 'Alison', 'James', 'Jones', '120 Everett Street', '', 'Salt Lake City', 'UT', 'USA', 23114, '8575557546', 30, 'F','Traffic Monitor', 25000, 19);
INSERT INTO employee VALUES ('876608789', 'Billy', 'Bells', 'Williams', '236 Queensberry Street', 'Apt 5', 'Minneapolis', 'MN', 'USA', 01156, '8573424222', 25, 'M','Airport Authority', 100000, 15);

--Insert into Employee_Passenger
INSERT INTO employee_passenger VALUES (1, 2);
INSERT INTO employee_passenger VALUES (6, 5);
INSERT INTO employee_passenger VALUES (18, 7);
INSERT INTO employee_passenger VALUES (8, 3);
INSERT INTO employee_passenger VALUES (20, 10);
INSERT INTO employee_passenger VALUES (15, 11);
INSERT INTO employee_passenger VALUES (10, 3);
INSERT INTO employee_passenger VALUES (17, 4);
INSERT INTO employee_passenger VALUES (11, 1);
INSERT INTO employee_passenger VALUES (5, 9);

--Insert values in Schedule Table
INSERT INTO schedule VALUES ('10000', '30-NOV-2020', 'Delayed');
INSERT INTO schedule VALUES ('10000', '07-DEC-2020', 'On-Time');
INSERT INTO schedule VALUES ('10000', '14-DEC-2020', 'On-Time');
INSERT INTO schedule VALUES ('10000', '21-DEC-2020', 'On-Time');
INSERT INTO schedule VALUES ('10001', '01-DEC-2020', 'On-Time');
INSERT INTO schedule VALUES ('10001', '05-DEC-2020', 'On-Time');
INSERT INTO schedule VALUES ('10001', '09-DEC-2020', 'Cancelled');
INSERT INTO schedule VALUES ('10001', '13-DEC-2020', 'On-Time');
INSERT INTO schedule VALUES ('10001', '17-DEC-2020', 'On-Time');
INSERT INTO schedule VALUES ('10001', '21-DEC-2020', 'On-Time');
INSERT INTO schedule VALUES ('10001', '25-DEC-2020', 'On-Time');
INSERT INTO schedule VALUES ('10002', '02-DEC-2020', 'Delayed');
INSERT INTO schedule VALUES ('10002', '05-DEC-2020', 'On-Time');
INSERT INTO schedule VALUES ('10002', '07-DEC-2020', 'On-Time');
INSERT INTO schedule VALUES ('10002', '09-DEC-2020', 'On-Time');
INSERT INTO schedule VALUES ('10003', '12-DEC-2020', 'On-Time');
INSERT INTO schedule VALUES ('10003', '13-DEC-2020', 'On-Time');
INSERT INTO schedule VALUES ('10003', '15-DEC-2020', 'On-Time');
INSERT INTO schedule VALUES ('10003', '17-DEC-2020', 'Delayed');
INSERT INTO schedule VALUES ('10004', '20-DEC-2020', 'On-Time');
INSERT INTO schedule VALUES ('10004', '23-DEC-2020', 'On-Time');
INSERT INTO schedule VALUES ('10004', '22-DEC-2020', 'On-Time');
INSERT INTO schedule VALUES ('10005', '21-DEC-2020', 'On-Time');
INSERT INTO schedule VALUES ('10005', '31-DEC-2020', 'On-Time');
INSERT INTO schedule VALUES ('10005', '21-DEC-2020', 'On-Time');
INSERT INTO schedule VALUES ('10006', '22-DEC-2020', 'On-Time');
INSERT INTO schedule VALUES ('10006', '10-DEC-2020', 'On-Time');
INSERT INTO schedule VALUES ('10006', '20-DEC-2020', 'Cancelled');
INSERT INTO schedule VALUES ('10007', '19-DEC-2020', 'On-Time');
INSERT INTO schedule VALUES ('10008', '15-DEC-2020', 'On-Time');
INSERT INTO schedule VALUES ('10008', '16-DEC-2020', 'On-Time');
INSERT INTO schedule VALUES ('10008', '17-DEC-2020', 'On-Time');
INSERT INTO schedule VALUES ('10009', '13-DEC-2020', 'On-Time');
INSERT INTO schedule VALUES ('10009', '14-DEC-2020', 'Delayed');
INSERT INTO schedule VALUES ('10009', '15-DEC-2020', 'On-Time');

INSERT INTO schedule VALUES ('10010', '30-NOV-2020', 'On-Time');
INSERT INTO schedule VALUES ('10010', '03-DEC-2020', 'On-Time');
INSERT INTO schedule VALUES ('10010', '05-DEC-2020', 'On-Time');
INSERT INTO schedule VALUES ('10010', '10-DEC-2020', 'Delayed');
INSERT INTO schedule VALUES ('10011', '30-NOV-2020', 'On-Time');
INSERT INTO schedule VALUES ('10011', '15-DEC-2020', 'On-Time');
INSERT INTO schedule VALUES ('10011', '31-DEC-2020', 'On-Time');
INSERT INTO schedule VALUES ('10014', '15-DEC-2020', 'On-Time');

INSERT INTO schedule VALUES ('10015', '01-JAN-2021', 'Delayed');
INSERT INTO schedule VALUES ('10016', '12-DEC-2020', 'On-Time');
INSERT INTO schedule VALUES ('10016', '17-DEC-2020', 'On-Time');
INSERT INTO schedule VALUES ('10016', '02-JAN-2021', 'On-Time');
INSERT INTO schedule VALUES ('10016', '08-JAN-2021', 'On-Time');
INSERT INTO schedule VALUES ('10017', '01-DEC-2020', 'On-Time');
INSERT INTO schedule VALUES ('10017', '05-DEC-2020', 'On-Time');
INSERT INTO schedule VALUES ('10017', '07-DEC-2020', 'Cancelled');
INSERT INTO schedule VALUES ('10018', '01-JAN-2021', 'On-Time');
INSERT INTO schedule VALUES ('10018', '05-JAN-2021', 'On-Time');
INSERT INTO schedule VALUES ('10018', '17-JAN-2021', 'Delayed');
INSERT INTO schedule VALUES ('10019', '04-JAN-2021', 'On-Time');
INSERT INTO schedule VALUES ('10019', '19-JAN-2021', 'On-Time');
INSERT INTO schedule VALUES ('10019', '15-DEC-2020', 'On-Time');
INSERT INTO schedule VALUES ('10019', '25-DEC-2020', 'On-Time');
INSERT INTO schedule VALUES ('10020', '03-JAN-2021', 'On-Time');
INSERT INTO schedule VALUES ('10021', '06-DEC-2020', 'On-Time');
INSERT INTO schedule VALUES ('10021', '10-JAN-2021', 'On-Time');
INSERT INTO schedule VALUES ('10022', '09-DEC-2020', 'Delayed');
INSERT INTO schedule VALUES ('10022', '19-DEC-2020', 'On-Time');
INSERT INTO schedule VALUES ('10022', '29-DEC-2020', 'On-Time');
INSERT INTO schedule VALUES ('10023', '01-DEC-2020', 'Delayed');
INSERT INTO schedule VALUES ('10023', '05-JAN-2021', 'On-Time');
INSERT INTO schedule VALUES ('10024', '03-DEC-2020', 'On-Time');
INSERT INTO schedule VALUES ('10024', '05-DEC-2020', 'On-Time');
INSERT INTO schedule VALUES ('10024', '18-DEC-2020', 'On-Time');
INSERT INTO schedule VALUES ('10024', '17-JAN-2021', 'On-Time');
INSERT INTO schedule VALUES ('10025', '21-DEC-2020', 'On-Time');
INSERT INTO schedule VALUES ('10026', '22-DEC-2020', 'Delayed');
INSERT INTO schedule VALUES ('10027', '23-DEC-2020', 'On-Time');
INSERT INTO schedule VALUES ('10027', '31-DEC-2020', 'On-Time');
INSERT INTO schedule VALUES ('10028', '01-DEC-2020', 'On-Time');
INSERT INTO schedule VALUES ('10028', '01-JAN-2021', 'On-Time');
INSERT INTO schedule VALUES ('10029', '10-DEC-2020', 'On-Time');
INSERT INTO schedule VALUES ('10029', '20-DEC-2020', 'On-Time');
INSERT INTO schedule VALUES ('10029', '30-DEC-2020', 'Delayed');

INSERT INTO schedule VALUES ('10030', '01-DEC-2020', 'On-Time');
INSERT INTO schedule VALUES ('10030', '20-DEC-2020', 'On-Time');
INSERT INTO schedule VALUES ('10030', '21-DEC-2020', 'Delayed');
INSERT INTO schedule VALUES ('10030', '05-JAN-2021', 'On-Time');
INSERT INTO schedule VALUES ('10031', '10-DEC-2020', 'On-Time');
INSERT INTO schedule VALUES ('10031', '15-DEC-2020', 'On-Time');
INSERT INTO schedule VALUES ('10031', '20-DEC-2020', 'Delayed');
INSERT INTO schedule VALUES ('10032', '30-NOV-2020', 'On-Time');
INSERT INTO schedule VALUES ('10032', '30-DEC-2020', 'On-Time');
INSERT INTO schedule VALUES ('10033', '12-DEC-2020', 'On-Time');
INSERT INTO schedule VALUES ('10034', '15-DEC-2020', 'On-Time');
INSERT INTO schedule VALUES ('10035', '20-DEC-2020', 'Delayed');
INSERT INTO schedule VALUES ('10036', '12-DEC-2020', 'On-Time');
INSERT INTO schedule VALUES ('10036', '15-DEC-2020', 'On-Time');
INSERT INTO schedule VALUES ('10036', '20-DEC-2020', 'On-Time');
INSERT INTO schedule VALUES ('10037', '22-DEC-2020', 'On-Time');
INSERT INTO schedule VALUES ('10038', '18-DEC-2020', 'On-Time');
INSERT INTO schedule VALUES ('10038', '01-DEC-2020', 'Delayed');
INSERT INTO schedule VALUES ('10038', '30-NOV-2020', 'On-Time');
INSERT INTO schedule VALUES ('10039', '30-DEC-2020', 'On-Time');

INSERT INTO schedule VALUES ('10040', '18-DEC-2020', 'Delayed');
INSERT INTO schedule VALUES ('10040', '28-DEC-2020', 'On-Time');
INSERT INTO schedule VALUES ('10040', '08-JAN-2021', 'On-Time');
INSERT INTO schedule VALUES ('10041', '03-DEC-2020', 'On-Time');
INSERT INTO schedule VALUES ('10041', '05-DEC-2020', 'On-Time');
INSERT INTO schedule VALUES ('10041', '15-DEC-2020', 'On-Time');
INSERT INTO schedule VALUES ('10041', '25-DEC-2020', 'Cancelled');
INSERT INTO schedule VALUES ('10042', '24-DEC-2020', 'On-Time');
INSERT INTO schedule VALUES ('10044', '23-DEC-2020', 'On-Time');
INSERT INTO schedule VALUES ('10046', '24-DEC-2020', 'On-Time');
INSERT INTO schedule VALUES ('10046', '08-JAN-2021', 'On-Time');
INSERT INTO schedule VALUES ('10046', '24-JAN-2021', 'Delayed');
INSERT INTO schedule VALUES ('10047', '31-DEC-2020', 'On-Time');
INSERT INTO schedule VALUES ('10048', '01-DEC-2020', 'On-Time');
INSERT INTO schedule VALUES ('10048', '02-DEC-2020', 'On-Time');
INSERT INTO schedule VALUES ('10048', '05-DEC-2020', 'On-Time');
INSERT INTO schedule VALUES ('10050', '07-DEC-2020', 'Delayed');
INSERT INTO schedule VALUES ('10052', '09-DEC-2020', 'On-Time');
INSERT INTO schedule VALUES ('10052', '20-DEC-2020', 'On-Time');
INSERT INTO schedule VALUES ('10052', '09-JAN-2021', 'On-Time');
INSERT INTO schedule VALUES ('10053', '15-DEC-2020', 'On-Time');
INSERT INTO schedule VALUES ('10054', '23-DEC-2020', 'Cancelled');

INSERT INTO schedule VALUES ('10055', '30-NOV-2020', 'On-Time');
INSERT INTO schedule VALUES ('10055', '02-DEC-2020', 'On-Time');
INSERT INTO schedule VALUES ('10055', '09-DEC-2020', 'Cancelled');
INSERT INTO schedule VALUES ('10055', '16-DEC-2020', 'On-Time');
INSERT INTO schedule VALUES ('10056', '15-DEC-2020', 'On-Time');
INSERT INTO schedule VALUES ('10057', '17-DEC-2020', 'On-Time');
INSERT INTO schedule VALUES ('10057', '24-DEC-2020', 'On-Time');
INSERT INTO schedule VALUES ('10057', '31-DEC-2020', 'Delayed');
INSERT INTO schedule VALUES ('10058', '30-NOV-2020', 'On-Time');
INSERT INTO schedule VALUES ('10059', '04-JAN-2020', 'On-Time');
INSERT INTO schedule VALUES ('10059', '07-JAN-2020', 'On-Time');
INSERT INTO schedule VALUES ('10059', '15-JAN-2020', 'On-Time');

INSERT INTO schedule VALUES ('10060', '30-NOV-2020', 'On-Time');
INSERT INTO schedule VALUES ('10060', '07-DEC-2020', 'On-Time');
INSERT INTO schedule VALUES ('10060', '14-DEC-2020', 'On-Time');
INSERT INTO schedule VALUES ('10061', '21-DEC-2020', 'On-Time');
INSERT INTO schedule VALUES ('10064', '28-DEC-2020', 'On-Time');
INSERT INTO schedule VALUES ('10064', '05-JAN-2021', 'Delayed');
INSERT INTO schedule VALUES ('10064', '12-JAN-2021', 'On-Time');
INSERT INTO schedule VALUES ('10065', '19-JAN-2021', 'On-Time');
INSERT INTO schedule VALUES ('10065', '26-JAN-2021', 'On-Time');
INSERT INTO schedule VALUES ('10065', '31-JAN-2021', 'On-Time');

INSERT INTO schedule VALUES ('10066', '30-NOV-2020', 'On-Time');
INSERT INTO schedule VALUES ('10066', '30-DEC-2020', 'Delayed');
INSERT INTO schedule VALUES ('10066', '30-JAN-2021', 'On-Time');
INSERT INTO schedule VALUES ('10068', '12-DEC-2020', 'Cancelled');
INSERT INTO schedule VALUES ('10069', '15-DEC-2020', 'On-Time');
INSERT INTO schedule VALUES ('10070', '18-DEC-2020', 'On-Time');
INSERT INTO schedule VALUES ('10070', '21-DEC-2020', 'On-Time');
INSERT INTO schedule VALUES ('10070', '24-DEC-2020', 'On-Time');
INSERT INTO schedule VALUES ('10071', '27-DEC-2020', 'On-Time');
INSERT INTO schedule VALUES ('10074', '30-DEC-2020', 'Delayed');
INSERT INTO schedule VALUES ('10075', '02-JAN-2021', 'On-Time');
INSERT INTO schedule VALUES ('10076', '10-DEC-2020', 'On-Time');
INSERT INTO schedule VALUES ('10077', '16-DEC-2020', 'Cancelled');

INSERT INTO schedule VALUES ('10080', '30-NOV-2020', 'Delayed');
INSERT INTO schedule VALUES ('10082', '06-DEC-2020', 'On-Time');
INSERT INTO schedule VALUES ('10082', '09-DEC-2020', 'On-Time');
INSERT INTO schedule VALUES ('10082', '15-DEC-2020', 'On-Time');
INSERT INTO schedule VALUES ('10082', '18-DEC-2020', 'On-Time');
INSERT INTO schedule VALUES ('10083', '19-DEC-2020', 'On-Time');
INSERT INTO schedule VALUES ('10085', '04-DEC-2020', 'Delayed');
INSERT INTO schedule VALUES ('10086', '23-DEC-2020', 'On-Time');
INSERT INTO schedule VALUES ('10086', '27-DEC-2020', 'On-Time');
INSERT INTO schedule VALUES ('10086', '05-JAN-2020', 'On-Time');
INSERT INTO schedule VALUES ('10088', '13-DEC-2020', 'On-Time');
INSERT INTO schedule VALUES ('10090', '23-DEC-2020', 'Delayed');

INSERT INTO schedule VALUES ('10091', '02-DEC-2020', 'Cancelled');
INSERT INTO schedule VALUES ('10091', '12-DEC-2020', 'On-Time');
INSERT INTO schedule VALUES ('10091', '22-DEC-2020', 'On-Time');
INSERT INTO schedule VALUES ('10092', '01-DEC-2020', 'On-Time');
INSERT INTO schedule VALUES ('10094', '30-NOV-2020', 'Cancelled');
INSERT INTO schedule VALUES ('10095', '17-NOV-2020', 'On-Time');
INSERT INTO schedule VALUES ('10095', '19-DEC-2020', 'On-Time');
INSERT INTO schedule VALUES ('10095', '26-DEC-2020', 'On-Time');
INSERT INTO schedule VALUES ('10097', '29-DEC-2020', 'On-Time');
INSERT INTO schedule VALUES ('10097', '04-DEC-2020', 'On-Time');
INSERT INTO schedule VALUES ('10097', '09-DEC-2020', 'On-Time');
INSERT INTO schedule VALUES ('10097', '11-DEC-2020', 'Delayed');

INSERT INTO schedule VALUES ('10100', '01-DEC-2020', 'On-Time');
INSERT INTO schedule VALUES ('10100', '05-DEC-2020', 'Cancelled');
INSERT INTO schedule VALUES ('10100', '09-DEC-2020', 'On-Time');
INSERT INTO schedule VALUES ('10104', '13-DEC-2020', 'On-Time');
INSERT INTO schedule VALUES ('10106', '17-DEC-2020', 'On-Time');
INSERT INTO schedule VALUES ('10106', '21-DEC-2020', 'Delayed');
INSERT INTO schedule VALUES ('10106', '25-DEC-2020', 'On-Time');
INSERT INTO schedule VALUES ('10108', '29-DEC-2020', 'On-Time');

--Insert values in tickets table //Schedule id values are remaining
INSERT INTO ticket VALUES(1000000001,'11-MAY-20','32A','ECONOMY','F',1, 388, 2, 12);
INSERT INTO ticket VALUES(1000000002,'11-JUN-20','45D','ECONOMY','T',2, 320, 0, 34);
INSERT INTO ticket VALUES(1000000003,'20-AUG-20','40D','ECONOMY','F', 2, 345, 0, 123);
INSERT INTO ticket VALUES(1000000004,'21-AUG-20','1A','BUSINESS','F',3, 234, 0, 150);
INSERT INTO ticket VALUES(1000000005,'10-AUG-20','20C','FIRST-CLASS','F',4, 512, 1, 170);
INSERT INTO ticket VALUES(1000000006,'13-JUN-20','54E','ECONOMY','F',5, 87, 0, 100);
INSERT INTO ticket VALUES(1000000007,'11-NOV-20','43B','ECONOMY','F',6, 787, 1, 188);
INSERT INTO ticket VALUES(1000000008,'15-NOV-20','27B','FIRST-CLASS','F',7, 355, 0, 111);
INSERT INTO ticket VALUES(1000000009,'15-OCT-20','34E','ECONOMY','F',8, 356, 0, 99);
INSERT INTO ticket VALUES(1000000010,'12-NOV-20','54C','ECONOMY','F',9, 412, 0, 23);
INSERT INTO ticket VALUES(1000000011,'22-JAN-20','38A','ECONOMY','F',10, 365, 1, 120);
INSERT INTO ticket VALUES(1000000012,'19-OCT-20','57F','ECONOMY','F',11, 704, 1, 45);
INSERT INTO ticket VALUES(1000000013,'20-NOV-20','45D','ECONOMY','F',12, 315, 0, 90);
INSERT INTO ticket VALUES(1000000014,'13-MAY-20','37C','ECONOMY','T',13, 100, 0, 43);
INSERT INTO ticket VALUES(1000000015,'26-JUN-20','55C','ECONOMY','F',14, 269, 1, 177);
INSERT INTO ticket VALUES(1000000016,'11-AUG-20','33F','ECONOMY','F',15, 500, 1, 76);

--Insert values in layovers table
INSERT INTO layovers VALUES(1, 1000000001, 'New York', '13.30');
INSERT INTO layovers VALUES(2, 1000000001, 'Orlando', '10.30');
INSERT INTO layovers VALUES(3, 1000000005, 'Boston', '11');
INSERT INTO layovers VALUES(4, 1000000007, 'Boston', '7');
INSERT INTO layovers VALUES(5, 1000000011, 'New York', '19');
INSERT INTO layovers VALUES(6, 1000000012, 'Boston', '0.30');
INSERT INTO layovers VALUES(7, 1000000015, 'Chicago', '9.5');
INSERT INTO layovers VALUES(8, 1000000016, 'Boston', '11.30');

--Insert values in cancellation table
INSERT INTO cancellation VALUES(1000000002, '20-AUG-20', 220);
INSERT INTO cancellation VALUES(1000000014, '20-MAY-20', 65);